<chartbrowserinfo>
 <version>
  <major>1</major>
  <minor>0</minor>
  <issuedate>20220721083250</issuedate>
 </version>
 <shiptypes>Barge|Bulk Carrier|Vehicle Carrier|Combination|Container Vessel|Cruise Vessel|Dry Cargo|Dredger|Ferry|Fishing Vessel|Gas Tanker|General Cargo|Leisure &lt;= 10m|Leisure > 10m|Offshore Vessel|Oil Tanker|Passenger Vessel|Pleasure Craft|Research Vessel|Refer Ship|Ro-Ro Ship|Salvage Vessel|Survey Vessel|Tug Boat|Naval Vessel|Icebreaker|Workboat|-----------------|AIS Web|Development|Distributor Demo|Internet|Intranet|OEM Demo|Trial|VTS|Other (Manual Input)</shiptypes>
 <catalog>
  <version>
   <major>1</major>
   <minor>0</minor>
   <issuedate>20220719000000</issuedate>
  </version>
  <shortname>ARCS</shortname>
  <longname>ARCS</longname>
  <sortorder>4</sortorder>
  <filesize>1095448</filesize>
  <cataloguetype>0</cataloguetype>
  <isgeographic>1</isgeographic>
  <filecrc>2441673436</filecrc>
  <relative_url>ARCS.cat</relative_url>
  <colordefinition>#7d7d00</colordefinition>
 </catalog>
 <catalog>
  <version>
   <major>1</major>
   <minor>0</minor>
   <issuedate>20220719000000</issuedate>
  </version>
  <shortname>AVCS</shortname>
  <longname>Admiralty Vector Chart Service</longname>
  <sortorder>6</sortorder>
  <filesize>5140302</filesize>
  <cataloguetype>6</cataloguetype>
  <isgeographic>1</isgeographic>
  <filecrc>2910530395</filecrc>
  <relative_url>AVCS.cat</relative_url>
  <colordefinition>#00ffff</colordefinition>
 </catalog>
 <catalog>
  <version>
   <major>1</major>
   <minor>0</minor>
   <issuedate>20220719000000</issuedate>
  </version>
  <shortname>Paper Charts</shortname>
  <longname>Admiralty Paper Charts</longname>
  <sortorder>3</sortorder>
  <filesize>1094295</filesize>
  <cataloguetype>0</cataloguetype>
  <isgeographic>1</isgeographic>
  <filecrc>45133450</filecrc>
  <relative_url>Paper Charts.cat</relative_url>
  <colordefinition>#7d007d</colordefinition>
 </catalog>
 <catalog>
  <version>
   <major>1</major>
   <minor>0</minor>
   <issuedate>20220719000000</issuedate>
  </version>
  <shortname>ENC Units</shortname>
  <longname>Admiralty Vector Chart Service</longname>
  <sortorder>5</sortorder>
  <filesize>5085493</filesize>
  <cataloguetype>1</cataloguetype>
  <isgeographic>1</isgeographic>
  <filecrc>287040149</filecrc>
  <relative_url>ENC Units.cat</relative_url>
  <colordefinition>#007fff</colordefinition>
 </catalog>
 <catalog>
  <version>
   <major>1</major>
   <minor>0</minor>
   <issuedate>20220719000000</issuedate>
  </version>
  <shortname>Other</shortname>
  <longname>Adm. Nautical Publications &amp; Books</longname>
  <sortorder>18</sortorder>
  <filesize>101819</filesize>
  <cataloguetype>5</cataloguetype>
  <isgeographic>0</isgeographic>
  <filecrc>688707694</filecrc>
  <relative_url>Other.cat</relative_url>
  <colordefinition>#b45723</colordefinition>
 </catalog>
 <catalog>
  <version>
   <major>1</major>
   <minor>0</minor>
   <issuedate>20220719000000</issuedate>
  </version>
  <shortname>ADLL</shortname>
  <longname>Admiralty Digital List of Lights</longname>
  <sortorder>13</sortorder>
  <filesize>4612</filesize>
  <cataloguetype>3</cataloguetype>
  <isgeographic>1</isgeographic>
  <filecrc>3139951514</filecrc>
  <relative_url>ADLL.cat</relative_url>
  <colordefinition>#108010</colordefinition>
 </catalog>
 <catalog>
  <version>
   <major>1</major>
   <minor>0</minor>
   <issuedate>20220719000000</issuedate>
  </version>
  <shortname>ADRS6</shortname>
  <longname>Admiralty Digital List of Radio Signals Vol 6</longname>
  <sortorder>17</sortorder>
  <filesize>4790</filesize>
  <cataloguetype>3</cataloguetype>
  <isgeographic>1</isgeographic>
  <filecrc>2514412865</filecrc>
  <relative_url>ADRS6.cat</relative_url>
  <colordefinition>#808080</colordefinition>
 </catalog>
 <catalog>
  <version>
   <major>1</major>
   <minor>0</minor>
   <issuedate>20220719000000</issuedate>
  </version>
  <shortname>ADRS2</shortname>
  <longname>Admiralty Digital List of Radio Signals Vol 2</longname>
  <sortorder>15</sortorder>
  <filesize>3416</filesize>
  <cataloguetype>3</cataloguetype>
  <isgeographic>1</isgeographic>
  <filecrc>2532525497</filecrc>
  <relative_url>ADRS2.cat</relative_url>
  <colordefinition>#b0b0b0</colordefinition>
 </catalog>
 <catalog>
  <version>
   <major>1</major>
   <minor>0</minor>
   <issuedate>20220719000000</issuedate>
  </version>
  <shortname>ADRS1345</shortname>
  <longname>Adm. Digital List of Radio Signals Vol 1,3,4,5</longname>
  <sortorder>16</sortorder>
  <filesize>3473</filesize>
  <cataloguetype>3</cataloguetype>
  <isgeographic>1</isgeographic>
  <filecrc>1566153578</filecrc>
  <relative_url>ADRS1345.cat</relative_url>
  <colordefinition>#404060</colordefinition>
 </catalog>
 <catalog>
  <version>
   <major>1</major>
   <minor>0</minor>
   <issuedate>20220719000000</issuedate>
  </version>
  <shortname>ALRS</shortname>
  <longname>Admiralty List of Radio Signals</longname>
  <sortorder>14</sortorder>
  <filesize>6562</filesize>
  <cataloguetype>3</cataloguetype>
  <isgeographic>1</isgeographic>
  <filecrc>3993218133</filecrc>
  <relative_url>ALRS.cat</relative_url>
  <colordefinition>#ff8000</colordefinition>
 </catalog>
 <catalog>
  <version>
   <major>1</major>
   <minor>0</minor>
   <issuedate>20220719000000</issuedate>
  </version>
  <shortname>ATT</shortname>
  <longname>Admiralty Tide Tables</longname>
  <sortorder>10</sortorder>
  <filesize>5394</filesize>
  <cataloguetype>3</cataloguetype>
  <isgeographic>1</isgeographic>
  <filecrc>161541479</filecrc>
  <relative_url>ATT.cat</relative_url>
  <colordefinition>#000080</colordefinition>
 </catalog>
 <catalog>
  <version>
   <major>1</major>
   <minor>0</minor>
   <issuedate>20220721083251</issuedate>
  </version>
  <shortname>ECDIS</shortname>
  <longname>ECDIS Service</longname>
  <sortorder>7</sortorder>
  <filesize>206641</filesize>
  <cataloguetype>2</cataloguetype>
  <isgeographic>1</isgeographic>
  <filecrc>4065336431</filecrc>
  <relative_url>ECDIS.cat</relative_url>
  <colordefinition>#2020ff</colordefinition>
 </catalog>
 <catalog>
  <version>
   <major>1</major>
   <minor>0</minor>
   <issuedate>20220719000000</issuedate>
  </version>
  <shortname>SDs</shortname>
  <longname>Sailing Directions</longname>
  <sortorder>8</sortorder>
  <filesize>17930</filesize>
  <cataloguetype>3</cataloguetype>
  <isgeographic>1</isgeographic>
  <filecrc>3417341316</filecrc>
  <relative_url>SDs.cat</relative_url>
  <colordefinition>#207d80</colordefinition>
 </catalog>
 <catalog>
  <version>
   <major>1</major>
   <minor>0</minor>
   <issuedate>20220719000000</issuedate>
  </version>
  <shortname>TotalTide</shortname>
  <longname>Total Tide</longname>
  <sortorder>11</sortorder>
  <filesize>4538</filesize>
  <cataloguetype>3</cataloguetype>
  <isgeographic>1</isgeographic>
  <filecrc>2886369084</filecrc>
  <relative_url>TotalTide.cat</relative_url>
  <colordefinition>#8008af</colordefinition>
 </catalog>
 <catalog>
  <version>
   <major>1</major>
   <minor>0</minor>
   <issuedate>20220719000000</issuedate>
  </version>
  <shortname>ALL</shortname>
  <longname>Admiralty List of Lights</longname>
  <sortorder>12</sortorder>
  <filesize>7931</filesize>
  <cataloguetype>3</cataloguetype>
  <isgeographic>1</isgeographic>
  <filecrc>3139331242</filecrc>
  <relative_url>ALL.cat</relative_url>
  <colordefinition>#101010</colordefinition>
 </catalog>
 <catalog>
  <version>
   <major>1</major>
   <minor>0</minor>
   <issuedate>20220708000000</issuedate>
  </version>
  <shortname>TPNMs</shortname>
  <longname>T&amp;&amp;P NMs</longname>
  <sortorder>2</sortorder>
  <filesize>2650</filesize>
  <cataloguetype>7</cataloguetype>
  <isgeographic>1</isgeographic>
  <filecrc>3603633460</filecrc>
  <relative_url>TPNMs.cat</relative_url>
  <colordefinition>#ff00ff</colordefinition>
 </catalog>
 <usagerange>
  <usagebandname>Planning</usagebandname>
  <scalebandname>&lt;= 1:5,000,000</scalebandname>
  <id>0</id>
  <opacity>13</opacity>
  <colordefinition>#ffffff</colordefinition>
  <lowerbound>1.5e+08</lowerbound>
  <upperbound>5e+06</upperbound>
 </usagerange>
 <usagerange>
  <usagebandname>Overview</usagebandname>
  <scalebandname>&lt;= 1:1,500,000</scalebandname>
  <id>1</id>
  <opacity>25</opacity>
  <colordefinition>#6496c8</colordefinition>
  <lowerbound>5e+06</lowerbound>
  <upperbound>1.5e+06</upperbound>
 </usagerange>
 <usagerange>
  <usagebandname>General</usagebandname>
  <scalebandname>&lt;= 1:350,000</scalebandname>
  <id>2</id>
  <opacity>38</opacity>
  <colordefinition>#3c78b4</colordefinition>
  <lowerbound>1.5e+06</lowerbound>
  <upperbound>350000</upperbound>
 </usagerange>
 <usagerange>
  <usagebandname>Coastal</usagebandname>
  <scalebandname>&lt;= 1:90,000</scalebandname>
  <id>3</id>
  <opacity>51</opacity>
  <colordefinition>#005ab4</colordefinition>
  <lowerbound>350000</lowerbound>
  <upperbound>90000</upperbound>
 </usagerange>
 <usagerange>
  <usagebandname>Approach</usagebandname>
  <scalebandname>&lt;= 1:22,000</scalebandname>
  <id>4</id>
  <opacity>77</opacity>
  <colordefinition>#004b96</colordefinition>
  <lowerbound>90000</lowerbound>
  <upperbound>22000</upperbound>
 </usagerange>
 <usagerange>
  <usagebandname>Harbour</usagebandname>
  <scalebandname>&lt;= 1:4,000</scalebandname>
  <id>5</id>
  <opacity>90</opacity>
  <colordefinition>#003c56</colordefinition>
  <lowerbound>22000</lowerbound>
  <upperbound>4000</upperbound>
 </usagerange>
 <usagerange>
  <usagebandname>Berthing</usagebandname>
  <scalebandname>> 1:4,000</scalebandname>
  <id>6</id>
  <opacity>102</opacity>
  <colordefinition>#001e3c</colordefinition>
  <lowerbound>4000</lowerbound>
  <upperbound>0</upperbound>
 </usagerange>
 <harbourlist>
  <version>
   <major>1</major>
   <minor>0</minor>
   <issuedate>20220721083011</issuedate>
  </version>
  <relative_url>objects.zip</relative_url>
  <filesize>131387</filesize>
  <filecrc>4110761178</filecrc>
 </harbourlist>
 <distributorlist>
  <version>
   <major>1</major>
   <minor>0</minor>
   <issuedate>20160831110624</issuedate>
  </version>
  <relative_url>distributors.zip</relative_url>
  <filesize>76497</filesize>
  <filecrc>1025077179</filecrc>
 </distributorlist>
 <tpnms>
  <version>
   <major>1</major>
   <minor>0</minor>
   <issuedate>20220708000000</issuedate>
  </version>
  <relative_url>tpnms.zip</relative_url>
  <filesize>414298</filesize>
  <filecrc>4195558771</filecrc>
 </tpnms>
</chartbrowserinfo>
